83201,2,GLS
83202,2,GLS
83204,2,GLS
83209,2,GLS
83210,2,GLS
83211,2,GLS
83213,2,GLS
83221,2,GLS
83236,2,GLS
83254,2,GLS
83274,2,GLS
83301,2,GLS
83302,2,GLS
83313,2,GLS
83314,2,GLS
83316,2,GLS
83318,2,GLS
83322,2,GLS
83327,2,GLS
83328,2,GLS
83330,2,GLS
83332,2,GLS
83333,2,GLS
83336,2,GLS
83338,2,GLS
83340,2,GLS
83341,2,GLS
83347,2,GLS
83350,2,GLS
83353,2,GLS
83355,2,GLS
83401,2,GLS
83402,2,GLS
83404,2,GLS
83406,2,GLS
83415,2,GLS
83420,2,GLS
83422,2,GLS
83425,2,GLS
83429,2,GLS
83431,2,GLS
83434,2,GLS
83440,2,GLS
83441,2,GLS
83442,2,GLS
83443,2,GLS
83444,2,GLS
83445,2,GLS
83448,2,GLS
83460,2,GLS
83501,2,GLS
83520,2,GLS
83522,2,GLS
83523,2,GLS
83524,2,GLS
83526,2,GLS
83530,2,GLS
83535,2,GLS
83536,2,GLS
83537,2,GLS
83539,2,GLS
83540,2,GLS
83541,2,GLS
83543,2,GLS
83544,2,GLS
83545,2,GLS
83546,2,GLS
83548,2,GLS
83549,2,GLS
83554,2,GLS
83555,2,GLS
83605,2,GLS
83607,2,GLS
83611,2,GLS
83616,2,GLS
83617,2,GLS
83619,2,GLS
83622,2,GLS
83623,2,GLS
83626,2,GLS
83628,2,GLS
83634,2,GLS
83638,2,GLS
83639,2,GLS
83641,2,GLS
83642,2,GLS
83644,2,GLS
83646,2,GLS
83647,2,GLS
83651,2,GLS
83655,2,GLS
83660,2,GLS
83661,2,GLS
83669,2,GLS
83672,2,GLS
83676,2,GLS
83686,2,GLS
83687,2,GLS
83702,2,GLS
83703,2,GLS
83704,2,GLS
83705,2,GLS
83706,2,GLS
83708,2,GLS
83709,2,GLS
83712,2,GLS
83713,2,GLS
83714,2,GLS
83716,2,GLS
83720,2,GLS
83722,2,GLS
83724,2,GLS
83725,2,GLS
83726,2,GLS
83728,2,GLS
83729,2,GLS
83732,2,GLS
83735,2,GLS
83756,2,GLS
83801,2,GLS
83803,2,GLS
83804,2,GLS
83805,2,GLS
83808,2,GLS
83809,2,GLS
83810,2,GLS
83812,2,GLS
83813,2,GLS
83814,2,GLS
83815,2,GLS
83821,2,GLS
83822,2,GLS
83823,2,GLS
83830,2,GLS
83832,2,GLS
83833,2,GLS
83834,2,GLS
83835,2,GLS
83836,2,GLS
83837,2,GLS
83839,2,GLS
83842,2,GLS
83843,2,GLS
83844,2,GLS
83845,2,GLS
83846,2,GLS
83847,2,GLS
83848,2,GLS
83850,2,GLS
83851,2,GLS
83852,2,GLS
83854,2,GLS
83855,2,GLS
83856,2,GLS
83857,2,GLS
83858,2,GLS
83860,2,GLS
83861,2,GLS
83864,2,GLS
83868,2,GLS
83869,2,GLS
83870,2,GLS
83871,2,GLS
83872,2,GLS
83873,2,GLS
83874,2,GLS
83876,2,GLS
83877,2,GLS
84003,2,GLS
84004,2,GLS
84005,2,GLS
84006,2,GLS
84009,2,GLS
84010,2,GLS
84014,2,GLS
84015,2,GLS
84017,2,GLS
84020,2,GLS
84025,2,GLS
84029,2,GLS
84032,2,GLS
84037,2,GLS
84040,2,GLS
84041,2,GLS
84042,2,GLS
84043,2,GLS
84044,2,GLS
84045,2,GLS
84047,2,GLS
84049,2,GLS
84050,2,GLS
84054,2,GLS
84055,2,GLS
84056,2,GLS
84057,2,GLS
84058,2,GLS
84059,2,GLS
84060,2,GLS
84061,2,GLS
84062,2,GLS
84065,2,GLS
84067,2,GLS
84070,2,GLS
84074,2,GLS
84075,2,GLS
84081,2,GLS
84082,2,GLS
84084,2,GLS
84087,2,GLS
84088,2,GLS
84092,2,GLS
84093,2,GLS
84094,2,GLS
84095,2,GLS
84096,2,GLS
84097,2,GLS
84098,2,GLS
84101,2,GLS
84102,2,GLS
84103,2,GLS
84104,2,GLS
84105,2,GLS
84106,2,GLS
84107,2,GLS
84108,2,GLS
84109,2,GLS
84111,2,GLS
84112,2,GLS
84113,2,GLS
84114,2,GLS
84115,2,GLS
84116,2,GLS
84117,2,GLS
84118,2,GLS
84119,2,GLS
84120,2,GLS
84121,2,GLS
84123,2,GLS
84124,2,GLS
84128,2,GLS
84129,2,GLS
84132,2,GLS
84133,2,GLS
84134,2,GLS
84138,2,GLS
84139,2,GLS
84141,2,GLS
84143,2,GLS
84148,2,GLS
84150,2,GLS
84180,2,GLS
84184,2,GLS
84190,2,GLS
84199,2,GLS
84201,2,GLS
84244,2,GLS
84302,2,GLS
84304,2,GLS
84306,2,GLS
84308,2,GLS
84309,2,GLS
84310,2,GLS
84311,2,GLS
84312,2,GLS
84314,2,GLS
84315,2,GLS
84317,2,GLS
84318,2,GLS
84319,2,GLS
84320,2,GLS
84321,2,GLS
84322,2,GLS
84324,2,GLS
84325,2,GLS
84328,2,GLS
84332,2,GLS
84333,2,GLS
84335,2,GLS
84337,2,GLS
84338,2,GLS
84339,2,GLS
84340,2,GLS
84341,2,GLS
84401,2,GLS
84403,2,GLS
84404,2,GLS
84405,2,GLS
84407,2,GLS
84408,2,GLS
84414,2,GLS
84601,2,GLS
84602,2,GLS
84604,2,GLS
84606,2,GLS
84651,2,GLS
84653,2,GLS
84655,2,GLS
84660,2,GLS
84663,2,GLS
84664,2,GLS
85003,1,GLS
85004,1,GLS
85006,1,GLS
85007,1,GLS
85008,1,GLS
85009,1,GLS
85012,1,GLS
85013,1,GLS
85014,1,GLS
85015,1,GLS
85016,1,GLS
85017,1,GLS
85018,1,GLS
85019,1,GLS
85020,1,GLS
85021,1,GLS
85022,1,GLS
85023,1,GLS
85024,1,GLS
85026,1,GLS
85027,1,GLS
85028,1,GLS
85029,1,GLS
85031,1,GLS
85032,1,GLS
85033,1,GLS
85034,1,GLS
85035,1,GLS
85037,1,GLS
85039,1,GLS
85040,1,GLS
85041,1,GLS
85042,1,GLS
85043,1,GLS
85044,1,GLS
85045,1,GLS
85048,1,GLS
85050,1,GLS
85051,1,GLS
85053,1,GLS
85054,1,GLS
85065,1,GLS
85073,1,GLS
85083,1,GLS
85085,1,GLS
85086,1,GLS
85119,1,GLS
85120,1,GLS
85122,1,GLS
85140,1,GLS
85142,1,GLS
85194,1,GLS
85201,1,GLS
85202,1,GLS
85203,1,GLS
85204,1,GLS
85205,1,GLS
85206,1,GLS
85207,1,GLS
85208,1,GLS
85209,1,GLS
85210,1,GLS
85212,1,GLS
85213,1,GLS
85215,1,GLS
85224,1,GLS
85225,1,GLS
85226,1,GLS
85233,1,GLS
85234,1,GLS
85236,1,GLS
85244,1,GLS
85248,1,GLS
85249,1,GLS
85250,1,GLS
85251,1,GLS
85253,1,GLS
85254,1,GLS
85255,1,GLS
85256,1,GLS
85257,1,GLS
85258,1,GLS
85259,1,GLS
85260,1,GLS
85262,1,GLS
85266,1,GLS
85268,1,GLS
85281,1,GLS
85282,1,GLS
85283,1,GLS
85284,1,GLS
85286,1,GLS
85287,1,GLS
85295,1,GLS
85296,1,GLS
85297,1,GLS
85298,1,GLS
85301,1,GLS
85302,1,GLS
85303,1,GLS
85304,1,GLS
85305,1,GLS
85306,1,GLS
85307,1,GLS
85308,1,GLS
85309,1,GLS
85310,1,GLS
85323,1,GLS
85326,1,GLS
85331,1,GLS
85335,1,GLS
85338,1,GLS
85339,1,GLS
85340,1,GLS
85342,1,GLS
85344,1,GLS
85345,1,GLS
85351,1,GLS
85353,1,GLS
85355,1,GLS
85361,1,GLS
85363,1,GLS
85364,1,GLS
85365,1,GLS
85366,1,GLS
85367,1,GLS
85369,1,GLS
85373,1,GLS
85374,1,GLS
85375,1,GLS
85377,1,GLS
85378,1,GLS
85379,1,GLS
85381,1,GLS
85382,1,GLS
85383,1,GLS
85387,1,GLS
85388,1,GLS
85390,1,GLS
85392,1,GLS
85395,1,GLS
85396,1,GLS
85701,1,GLS
85704,1,GLS
85705,1,GLS
85706,1,GLS
85707,1,GLS
85708,1,GLS
85709,1,GLS
85710,1,GLS
85711,1,GLS
85712,1,GLS
85713,1,GLS
85714,1,GLS
85715,1,GLS
85716,1,GLS
85718,1,GLS
85719,1,GLS
85721,1,GLS
85723,1,GLS
85724,1,GLS
85730,1,GLS
85737,1,GLS
85739,1,GLS
85741,1,GLS
85742,1,GLS
85743,1,GLS
85744,1,GLS
85745,1,GLS
85746,1,GLS
85747,1,GLS
85748,1,GLS
85749,1,GLS
85750,1,GLS
85755,1,GLS
85756,1,GLS
86001,1,GLS
86004,1,GLS
86011,1,GLS
86301,1,GLS
86303,1,GLS
86305,1,GLS
86314,1,GLS
86322,1,GLS
86325,1,GLS
86326,1,GLS
86335,1,GLS
86336,1,GLS
86351,1,GLS
86401,1,GLS
86403,1,GLS
86404,1,GLS
86406,1,GLS
86409,1,GLS
86426,1,GLS
86429,1,GLS
86436,1,GLS
86440,1,GLS
86442,1,GLS
87002,2,GLS
87004,2,GLS
87031,2,GLS
87042,2,GLS
87043,2,GLS
87048,2,GLS
87101,2,GLS
87102,2,GLS
87103,2,GLS
87104,2,GLS
87105,2,GLS
87106,2,GLS
87107,2,GLS
87108,2,GLS
87109,2,GLS
87110,2,GLS
87111,2,GLS
87112,2,GLS
87113,2,GLS
87114,2,GLS
87116,2,GLS
87120,2,GLS
87121,2,GLS
87122,2,GLS
87123,2,GLS
87124,2,GLS
87144,2,GLS
87174,2,GLS
87176,2,GLS
87194,2,GLS
87501,2,GLS
87504,2,GLS
87505,2,GLS
87506,2,GLS
87507,2,GLS
87508,2,GLS
89002,1,GLS
89004,1,GLS
89005,1,GLS
89011,1,GLS
89012,1,GLS
89014,1,GLS
89015,1,GLS
89019,1,GLS
89021,1,GLS
89024,1,GLS
89027,1,GLS
89029,1,GLS
89030,1,GLS
89031,1,GLS
89032,1,GLS
89033,1,GLS
89040,1,GLS
89041,1,GLS
89044,1,GLS
89046,1,GLS
89048,1,GLS
89052,1,GLS
89060,1,GLS
89061,1,GLS
89074,1,GLS
89081,1,GLS
89084,1,GLS
89085,1,GLS
89086,1,GLS
89087,1,GLS
89101,1,GLS
89102,1,GLS
89103,1,GLS
89104,1,GLS
89105,1,GLS
89106,1,GLS
89107,1,GLS
89108,1,GLS
89109,1,GLS
89110,1,GLS
89113,1,GLS
89115,1,GLS
89117,1,GLS
89118,1,GLS
89119,1,GLS
89120,1,GLS
89121,1,GLS
89122,1,GLS
89123,1,GLS
89124,1,GLS
89125,1,GLS
89126,1,GLS
89127,1,GLS
89128,1,GLS
89129,1,GLS
89130,1,GLS
89131,1,GLS
89132,1,GLS
89133,1,GLS
89134,1,GLS
89135,1,GLS
89136,1,GLS
89137,1,GLS
89138,1,GLS
89139,1,GLS
89141,1,GLS
89142,1,GLS
89143,1,GLS
89144,1,GLS
89145,1,GLS
89146,1,GLS
89147,1,GLS
89148,1,GLS
89149,1,GLS
89150,1,GLS
89151,1,GLS
89152,1,GLS
89153,1,GLS
89154,1,GLS
89155,1,GLS
89156,1,GLS
89157,1,GLS
89158,1,GLS
89159,1,GLS
89160,1,GLS
89161,1,GLS
89162,1,GLS
89163,1,GLS
89164,1,GLS
89165,1,GLS
89166,1,GLS
89169,1,GLS
89170,1,GLS
89177,1,GLS
89178,1,GLS
89179,1,GLS
89180,1,GLS
89183,1,GLS
89185,1,GLS
89191,1,GLS
89193,1,GLS
89195,1,GLS
89199,1,GLS
89402,1,GLS
89406,1,GLS
89408,1,GLS
89410,1,GLS
89411,1,GLS
89413,1,GLS
89423,1,GLS
89431,1,GLS
89432,1,GLS
89433,1,GLS
89434,1,GLS
89435,1,GLS
89436,1,GLS
89437,1,GLS
89439,1,GLS
89440,1,GLS
89441,1,GLS
89448,1,GLS
89449,1,GLS
89450,1,GLS
89451,1,GLS
89452,1,GLS
89460,1,GLS
89501,1,GLS
89502,1,GLS
89503,1,GLS
89504,1,GLS
89505,1,GLS
89506,1,GLS
89507,1,GLS
89508,1,GLS
89509,1,GLS
89510,1,GLS
89511,1,GLS
89512,1,GLS
89513,1,GLS
89515,1,GLS
89519,1,GLS
89520,1,GLS
89521,1,GLS
89523,1,GLS
89533,1,GLS
89557,1,GLS
89570,1,GLS
89595,1,GLS
89599,1,GLS
89701,1,GLS
89702,1,GLS
89703,1,GLS
89704,1,GLS
89705,1,GLS
89706,1,GLS
89711,1,GLS
89712,1,GLS
89713,1,GLS
89714,1,GLS
89721,1,GLS
90001,1,GLS
90002,1,GLS
90003,1,GLS
90004,1,GLS
90005,1,GLS
90006,1,GLS
90007,1,GLS
90008,1,GLS
90009,1,GLS
90010,1,GLS
90011,1,GLS
90012,1,GLS
90013,1,GLS
90014,1,GLS
90015,1,GLS
90016,1,GLS
90017,1,GLS
90018,1,GLS
90019,1,GLS
90020,1,GLS
90021,1,GLS
90022,1,GLS
90023,1,GLS
90024,1,GLS
90025,1,GLS
90026,1,GLS
90027,1,GLS
90028,1,GLS
90029,1,GLS
90030,1,GLS
90031,1,GLS
90032,1,GLS
90033,1,GLS
90034,1,GLS
90035,1,GLS
90036,1,GLS
90037,1,GLS
90038,1,GLS
90039,1,GLS
90040,1,GLS
90041,1,GLS
90042,1,GLS
90043,1,GLS
90044,1,GLS
90045,1,GLS
90046,1,GLS
90047,1,GLS
90048,1,GLS
90049,1,GLS
90050,1,GLS
90051,1,GLS
90052,1,GLS
90053,1,GLS
90054,1,GLS
90055,1,GLS
90056,1,GLS
90057,1,GLS
90058,1,GLS
90059,1,GLS
90060,1,GLS
90061,1,GLS
90062,1,GLS
90063,1,GLS
90064,1,GLS
90065,1,GLS
90066,1,GLS
90067,1,GLS
90068,1,GLS
90069,1,GLS
90070,1,GLS
90071,1,GLS
90072,1,GLS
90073,1,GLS
90074,1,GLS
90075,1,GLS
90076,1,GLS
90077,1,GLS
90078,1,GLS
90079,1,GLS
90080,1,GLS
90082,1,GLS
90083,1,GLS
90084,1,GLS
90086,1,GLS
90087,1,GLS
90088,1,GLS
90089,1,GLS
90090,1,GLS
90091,1,GLS
90093,1,GLS
90094,1,GLS
90095,1,GLS
90096,1,GLS
90099,1,GLS
90201,1,GLS
90202,1,GLS
90209,1,GLS
90210,1,GLS
90211,1,GLS
90212,1,GLS
90213,1,GLS
90220,1,GLS
90221,1,GLS
90222,1,GLS
90223,1,GLS
90224,1,GLS
90230,1,GLS
90231,1,GLS
90232,1,GLS
90233,1,GLS
90239,1,GLS
90240,1,GLS
90241,1,GLS
90242,1,GLS
90245,1,GLS
90247,1,GLS
90248,1,GLS
90249,1,GLS
90250,1,GLS
90251,1,GLS
90254,1,GLS
90255,1,GLS
90260,1,GLS
90261,1,GLS
90262,1,GLS
90263,1,GLS
90264,1,GLS
90265,1,GLS
90266,1,GLS
90267,1,GLS
90270,1,GLS
90272,1,GLS
90274,1,GLS
90275,1,GLS
90277,1,GLS
90278,1,GLS
90280,1,GLS
90290,1,GLS
90291,1,GLS
90292,1,GLS
90293,1,GLS
90294,1,GLS
90295,1,GLS
90296,1,GLS
90301,1,GLS
90302,1,GLS
90303,1,GLS
90304,1,GLS
90305,1,GLS
90306,1,GLS
90307,1,GLS
90308,1,GLS
90309,1,GLS
90310,1,GLS
90311,1,GLS
90312,1,GLS
90401,1,GLS
90402,1,GLS
90403,1,GLS
90404,1,GLS
90405,1,GLS
90406,1,GLS
90407,1,GLS
90408,1,GLS
90409,1,GLS
90410,1,GLS
90411,1,GLS
90501,1,GLS
90502,1,GLS
90503,1,GLS
90504,1,GLS
90505,1,GLS
90506,1,GLS
90507,1,GLS
90508,1,GLS
90509,1,GLS
90510,1,GLS
90601,1,GLS
90602,1,GLS
90603,1,GLS
90604,1,GLS
90605,1,GLS
90606,1,GLS
90607,1,GLS
90608,1,GLS
90609,1,GLS
90610,1,GLS
90620,1,GLS
90621,1,GLS
90622,1,GLS
90623,1,GLS
90624,1,GLS
90630,1,GLS
90631,1,GLS
90632,1,GLS
90633,1,GLS
90637,1,GLS
90638,1,GLS
90639,1,GLS
90640,1,GLS
90650,1,GLS
90651,1,GLS
90652,1,GLS
90660,1,GLS
90661,1,GLS
90662,1,GLS
90670,1,GLS
90671,1,GLS
90680,1,GLS
90701,1,GLS
90702,1,GLS
90703,1,GLS
90704,1,GLS
90706,1,GLS
90707,1,GLS
90710,1,GLS
90711,1,GLS
90712,1,GLS
90713,1,GLS
90714,1,GLS
90715,1,GLS
90716,1,GLS
90717,1,GLS
90720,1,GLS
90721,1,GLS
90723,1,GLS
90731,1,GLS
90732,1,GLS
90733,1,GLS
90734,1,GLS
90740,1,GLS
90742,1,GLS
90743,1,GLS
90744,1,GLS
90745,1,GLS
90746,1,GLS
90747,1,GLS
90748,1,GLS
90749,1,GLS
90755,1,GLS
90801,1,GLS
90802,1,GLS
90803,1,GLS
90804,1,GLS
90805,1,GLS
90806,1,GLS
90807,1,GLS
90808,1,GLS
90809,1,GLS
90810,1,GLS
90813,1,GLS
90814,1,GLS
90815,1,GLS
90822,1,GLS
90831,1,GLS
90832,1,GLS
90833,1,GLS
90834,1,GLS
90835,1,GLS
90840,1,GLS
90842,1,GLS
90844,1,GLS
90846,1,GLS
90847,1,GLS
90848,1,GLS
90853,1,GLS
91001,1,GLS
91003,1,GLS
91006,1,GLS
91007,1,GLS
91008,1,GLS
91009,1,GLS
91010,1,GLS
91011,1,GLS
91012,1,GLS
91016,1,GLS
91017,1,GLS
91020,1,GLS
91021,1,GLS
91023,1,GLS
91024,1,GLS
91025,1,GLS
91030,1,GLS
91031,1,GLS
91040,1,GLS
91041,1,GLS
91042,1,GLS
91043,1,GLS
91046,1,GLS
91066,1,GLS
91077,1,GLS
91101,1,GLS
91102,1,GLS
91103,1,GLS
91104,1,GLS
91105,1,GLS
91106,1,GLS
91107,1,GLS
91108,1,GLS
91109,1,GLS
91110,1,GLS
91114,1,GLS
91115,1,GLS
91116,1,GLS
91117,1,GLS
91118,1,GLS
91121,1,GLS
91123,1,GLS
91124,1,GLS
91125,1,GLS
91126,1,GLS
91129,1,GLS
91182,1,GLS
91184,1,GLS
91185,1,GLS
91188,1,GLS
91189,1,GLS
91201,1,GLS
91202,1,GLS
91203,1,GLS
91204,1,GLS
91205,1,GLS
91206,1,GLS
91207,1,GLS
91208,1,GLS
91209,1,GLS
91210,1,GLS
91214,1,GLS
91221,1,GLS
91222,1,GLS
91224,1,GLS
91225,1,GLS
91226,1,GLS
91301,1,GLS
91302,1,GLS
91303,1,GLS
91304,1,GLS
91305,1,GLS
91306,1,GLS
91307,1,GLS
91308,1,GLS
91309,1,GLS
91310,1,GLS
91311,1,GLS
91313,1,GLS
91316,1,GLS
91319,1,GLS
91320,1,GLS
91321,1,GLS
91322,1,GLS
91324,1,GLS
91325,1,GLS
91326,1,GLS
91327,1,GLS
91328,1,GLS
91329,1,GLS
91330,1,GLS
91331,1,GLS
91333,1,GLS
91334,1,GLS
91335,1,GLS
91337,1,GLS
91340,1,GLS
91341,1,GLS
91342,1,GLS
91343,1,GLS
91344,1,GLS
91345,1,GLS
91346,1,GLS
91350,1,GLS
91351,1,GLS
91352,1,GLS
91353,1,GLS
91354,1,GLS
91355,1,GLS
91356,1,GLS
91357,1,GLS
91358,1,GLS
91359,1,GLS
91360,1,GLS
91361,1,GLS
91362,1,GLS
91364,1,GLS
91365,1,GLS
91367,1,GLS
91371,1,GLS
91372,1,GLS
91376,1,GLS
91377,1,GLS
91380,1,GLS
91381,1,GLS
91382,1,GLS
91383,1,GLS
91384,1,GLS
91385,1,GLS
91386,1,GLS
91387,1,GLS
91390,1,GLS
91392,1,GLS
91393,1,GLS
91394,1,GLS
91395,1,GLS
91396,1,GLS
91401,1,GLS
91402,1,GLS
91403,1,GLS
91404,1,GLS
91405,1,GLS
91406,1,GLS
91407,1,GLS
91408,1,GLS
91409,1,GLS
91410,1,GLS
91411,1,GLS
91412,1,GLS
91413,1,GLS
91416,1,GLS
91423,1,GLS
91426,1,GLS
91436,1,GLS
91470,1,GLS
91495,1,GLS
91496,1,GLS
91499,1,GLS
91501,1,GLS
91502,1,GLS
91503,1,GLS
91504,1,GLS
91505,1,GLS
91506,1,GLS
91507,1,GLS
91508,1,GLS
91510,1,GLS
91521,1,GLS
91522,1,GLS
91523,1,GLS
91526,1,GLS
91601,1,GLS
91602,1,GLS
91603,1,GLS
91604,1,GLS
91605,1,GLS
91606,1,GLS
91607,1,GLS
91608,1,GLS
91609,1,GLS
91610,1,GLS
91611,1,GLS
91612,1,GLS
91614,1,GLS
91615,1,GLS
91616,1,GLS
91617,1,GLS
91701,1,GLS
91702,1,GLS
91706,1,GLS
91708,1,GLS
91709,1,GLS
91710,1,GLS
91711,1,GLS
91714,1,GLS
91715,1,GLS
91716,1,GLS
91722,1,GLS
91723,1,GLS
91724,1,GLS
91729,1,GLS
91730,1,GLS
91731,1,GLS
91732,1,GLS
91733,1,GLS
91734,1,GLS
91735,1,GLS
91737,1,GLS
91739,1,GLS
91740,1,GLS
91741,1,GLS
91743,1,GLS
91744,1,GLS
91745,1,GLS
91746,1,GLS
91747,1,GLS
91748,1,GLS
91749,1,GLS
91750,1,GLS
91752,1,GLS
91754,1,GLS
91755,1,GLS
91756,1,GLS
91758,1,GLS
91759,1,GLS
91761,1,GLS
91762,1,GLS
91763,1,GLS
91764,1,GLS
91765,1,GLS
91766,1,GLS
91767,1,GLS
91768,1,GLS
91769,1,GLS
91770,1,GLS
91771,1,GLS
91772,1,GLS
91773,1,GLS
91775,1,GLS
91776,1,GLS
91778,1,GLS
91780,1,GLS
91784,1,GLS
91785,1,GLS
91786,1,GLS
91788,1,GLS
91789,1,GLS
91790,1,GLS
91791,1,GLS
91792,1,GLS
91793,1,GLS
91801,1,GLS
91802,1,GLS
91803,1,GLS
91804,1,GLS
91896,1,GLS
91899,1,GLS
91901,1,GLS
91902,1,GLS
91903,1,GLS
91905,1,GLS
91906,1,GLS
91908,1,GLS
91909,1,GLS
91910,1,GLS
91911,1,GLS
91912,1,GLS
91913,1,GLS
91914,1,GLS
91915,1,GLS
91916,1,GLS
91917,1,GLS
91931,1,GLS
91932,1,GLS
91933,1,GLS
91934,1,GLS
91935,1,GLS
91941,1,GLS
91942,1,GLS
91943,1,GLS
91944,1,GLS
91945,1,GLS
91946,1,GLS
91948,1,GLS
91950,1,GLS
91951,1,GLS
91962,1,GLS
91963,1,GLS
91976,1,GLS
91977,1,GLS
91978,1,GLS
91979,1,GLS
91980,1,GLS
91987,1,GLS
92003,1,GLS
92004,1,GLS
92007,1,GLS
92008,1,GLS
92009,1,GLS
92010,1,GLS
92011,1,GLS
92013,1,GLS
92014,1,GLS
92018,1,GLS
92019,1,GLS
92020,1,GLS
92021,1,GLS
92022,1,GLS
92023,1,GLS
92024,1,GLS
92025,1,GLS
92026,1,GLS
92027,1,GLS
92028,1,GLS
92029,1,GLS
92030,1,GLS
92033,1,GLS
92036,1,GLS
92037,1,GLS
92038,1,GLS
92039,1,GLS
92040,1,GLS
92046,1,GLS
92049,1,GLS
92051,1,GLS
92052,1,GLS
92054,1,GLS
92055,1,GLS
92056,1,GLS
92057,1,GLS
92058,1,GLS
92059,1,GLS
92060,1,GLS
92061,1,GLS
92064,1,GLS
92065,1,GLS
92066,1,GLS
92067,1,GLS
92068,1,GLS
92069,1,GLS
92070,1,GLS
92071,1,GLS
92072,1,GLS
92074,1,GLS
92075,1,GLS
92078,1,GLS
92079,1,GLS
92081,1,GLS
92082,1,GLS
92083,1,GLS
92084,1,GLS
92085,1,GLS
92086,1,GLS
92088,1,GLS
92091,1,GLS
92092,1,GLS
92093,1,GLS
92096,1,GLS
92101,1,GLS
92102,1,GLS
92103,1,GLS
92104,1,GLS
92105,1,GLS
92106,1,GLS
92107,1,GLS
92108,1,GLS
92109,1,GLS
92110,1,GLS
92111,1,GLS
92112,1,GLS
92113,1,GLS
92114,1,GLS
92115,1,GLS
92116,1,GLS
92117,1,GLS
92118,1,GLS
92119,1,GLS
92120,1,GLS
92121,1,GLS
92122,1,GLS
92123,1,GLS
92124,1,GLS
92126,1,GLS
92127,1,GLS
92128,1,GLS
92129,1,GLS
92130,1,GLS
92131,1,GLS
92132,1,GLS
92134,1,GLS
92135,1,GLS
92136,1,GLS
92137,1,GLS
92138,1,GLS
92139,1,GLS
92140,1,GLS
92142,1,GLS
92143,1,GLS
92145,1,GLS
92147,1,GLS
92149,1,GLS
92150,1,GLS
92152,1,GLS
92153,1,GLS
92154,1,GLS
92155,1,GLS
92158,1,GLS
92159,1,GLS
92160,1,GLS
92161,1,GLS
92163,1,GLS
92165,1,GLS
92166,1,GLS
92167,1,GLS
92168,1,GLS
92169,1,GLS
92170,1,GLS
92171,1,GLS
92172,1,GLS
92173,1,GLS
92174,1,GLS
92175,1,GLS
92176,1,GLS
92177,1,GLS
92178,1,GLS
92179,1,GLS
92182,1,GLS
92186,1,GLS
92187,1,GLS
92191,1,GLS
92192,1,GLS
92193,1,GLS
92195,1,GLS
92196,1,GLS
92197,1,GLS
92198,1,GLS
92199,1,GLS
92201,1,GLS
92202,1,GLS
92203,1,GLS
92210,1,GLS
92211,1,GLS
92220,1,GLS
92222,1,GLS
92223,1,GLS
92225,1,GLS
92226,1,GLS
92227,1,GLS
92230,1,GLS
92231,1,GLS
92232,1,GLS
92233,1,GLS
92234,1,GLS
92235,1,GLS
92236,1,GLS
92239,1,GLS
92240,1,GLS
92241,1,GLS
92242,1,GLS
92243,1,GLS
92244,1,GLS
92249,1,GLS
92250,1,GLS
92251,1,GLS
92252,1,GLS
92253,1,GLS
92254,1,GLS
92255,1,GLS
92256,1,GLS
92257,1,GLS
92258,1,GLS
92259,1,GLS
92260,1,GLS
92261,1,GLS
92262,1,GLS
92263,1,GLS
92264,1,GLS
92266,1,GLS
92267,1,GLS
92268,1,GLS
92270,1,GLS
92273,1,GLS
92274,1,GLS
92275,1,GLS
92276,1,GLS
92277,1,GLS
92278,1,GLS
92280,1,GLS
92281,1,GLS
92282,1,GLS
92283,1,GLS
92284,1,GLS
92285,1,GLS
92286,1,GLS
92301,1,GLS
92304,1,GLS
92305,1,GLS
92307,1,GLS
92308,1,GLS
92309,1,GLS
92310,1,GLS
92311,1,GLS
92312,1,GLS
92313,1,GLS
92314,1,GLS
92315,1,GLS
92316,1,GLS
92317,1,GLS
92318,1,GLS
92320,1,GLS
92321,1,GLS
92322,1,GLS
92323,1,GLS
92324,1,GLS
92325,1,GLS
92327,1,GLS
92328,1,GLS
92329,1,GLS
92332,1,GLS
92333,1,GLS
92334,1,GLS
92335,1,GLS
92336,1,GLS
92337,1,GLS
92338,1,GLS
92339,1,GLS
92340,1,GLS
92341,1,GLS
92342,1,GLS
92344,1,GLS
92345,1,GLS
92346,1,GLS
92347,1,GLS
92350,1,GLS
92352,1,GLS
92354,1,GLS
92356,1,GLS
92357,1,GLS
92358,1,GLS
92359,1,GLS
92363,1,GLS
92364,1,GLS
92365,1,GLS
92366,1,GLS
92368,1,GLS
92369,1,GLS
92371,1,GLS
92372,1,GLS
92373,1,GLS
92374,1,GLS
92375,1,GLS
92376,1,GLS
92377,1,GLS
92378,1,GLS
92382,1,GLS
92384,1,GLS
92385,1,GLS
92386,1,GLS
92389,1,GLS
92391,1,GLS
92392,1,GLS
92393,1,GLS
92394,1,GLS
92395,1,GLS
92397,1,GLS
92398,1,GLS
92399,1,GLS
92401,1,GLS
92402,1,GLS
92403,1,GLS
92404,1,GLS
92405,1,GLS
92406,1,GLS
92407,1,GLS
92408,1,GLS
92410,1,GLS
92411,1,GLS
92413,1,GLS
92415,1,GLS
92418,1,GLS
92423,1,GLS
92427,1,GLS
92501,1,GLS
92502,1,GLS
92503,1,GLS
92504,1,GLS
92505,1,GLS
92506,1,GLS
92507,1,GLS
92508,1,GLS
92509,1,GLS
92513,1,GLS
92514,1,GLS
92516,1,GLS
92517,1,GLS
92518,1,GLS
92519,1,GLS
92521,1,GLS
92522,1,GLS
92530,1,GLS
92531,1,GLS
92532,1,GLS
92536,1,GLS
92539,1,GLS
92543,1,GLS
92544,1,GLS
92545,1,GLS
92546,1,GLS
92548,1,GLS
92549,1,GLS
92551,1,GLS
92552,1,GLS
92553,1,GLS
92554,1,GLS
92555,1,GLS
92556,1,GLS
92557,1,GLS
92561,1,GLS
92562,1,GLS
92563,1,GLS
92564,1,GLS
92567,1,GLS
92570,1,GLS
92571,1,GLS
92572,1,GLS
92581,1,GLS
92582,1,GLS
92583,1,GLS
92584,1,GLS
92585,1,GLS
92586,1,GLS
92587,1,GLS
92589,1,GLS
92590,1,GLS
92591,1,GLS
92592,1,GLS
92593,1,GLS
92595,1,GLS
92596,1,GLS
92599,1,GLS
92602,1,GLS
92603,1,GLS
92604,1,GLS
92605,1,GLS
92606,1,GLS
92607,1,GLS
92609,1,GLS
92610,1,GLS
92612,1,GLS
92614,1,GLS
92615,1,GLS
92616,1,GLS
92617,1,GLS
92618,1,GLS
92619,1,GLS
92620,1,GLS
92623,1,GLS
92624,1,GLS
92625,1,GLS
92626,1,GLS
92627,1,GLS
92628,1,GLS
92629,1,GLS
92630,1,GLS
92637,1,GLS
92646,1,GLS
92647,1,GLS
92648,1,GLS
92649,1,GLS
92650,1,GLS
92651,1,GLS
92652,1,GLS
92653,1,GLS
92654,1,GLS
92655,1,GLS
92656,1,GLS
92657,1,GLS
92658,1,GLS
92659,1,GLS
92660,1,GLS
92661,1,GLS
92662,1,GLS
92663,1,GLS
92672,1,GLS
92673,1,GLS
92674,1,GLS
92675,1,GLS
92676,1,GLS
92677,1,GLS
92678,1,GLS
92679,1,GLS
92683,1,GLS
92684,1,GLS
92688,1,GLS
92690,1,GLS
92691,1,GLS
92692,1,GLS
92693,1,GLS
92694,1,GLS
92697,1,GLS
92698,1,GLS
92701,1,GLS
92702,1,GLS
92703,1,GLS
92704,1,GLS
92705,1,GLS
92706,1,GLS
92707,1,GLS
92708,1,GLS
92711,1,GLS
92712,1,GLS
92728,1,GLS
92780,1,GLS
92781,1,GLS
92782,1,GLS
92799,1,GLS
92801,1,GLS
92802,1,GLS
92803,1,GLS
92804,1,GLS
92805,1,GLS
92806,1,GLS
92807,1,GLS
92808,1,GLS
92812,1,GLS
92814,1,GLS
92815,1,GLS
92816,1,GLS
92817,1,GLS
92821,1,GLS
92822,1,GLS
92823,1,GLS
92825,1,GLS
92831,1,GLS
92832,1,GLS
92833,1,GLS
92834,1,GLS
92835,1,GLS
92838,1,GLS
92840,1,GLS
92841,1,GLS
92843,1,GLS
92844,1,GLS
92845,1,GLS
92850,1,GLS
92860,1,GLS
92861,1,GLS
92862,1,GLS
92863,1,GLS
92865,1,GLS
92866,1,GLS
92867,1,GLS
92868,1,GLS
92869,1,GLS
92870,1,GLS
92871,1,GLS
92877,1,GLS
92878,1,GLS
92879,1,GLS
92880,1,GLS
92881,1,GLS
92882,1,GLS
92883,1,GLS
92885,1,GLS
92886,1,GLS
92887,1,GLS
92899,1,GLS
93001,1,GLS
93002,1,GLS
93003,1,GLS
93004,1,GLS
93005,1,GLS
93006,1,GLS
93007,1,GLS
93009,1,GLS
93010,1,GLS
93011,1,GLS
93012,1,GLS
93013,1,GLS
93014,1,GLS
93015,1,GLS
93016,1,GLS
93020,1,GLS
93021,1,GLS
93022,1,GLS
93023,1,GLS
93024,1,GLS
93030,1,GLS
93033,1,GLS
93035,1,GLS
93036,1,GLS
93040,1,GLS
93041,1,GLS
93042,1,GLS
93043,1,GLS
93060,1,GLS
93061,1,GLS
93063,1,GLS
93064,1,GLS
93065,1,GLS
93066,1,GLS
93067,1,GLS
93099,1,GLS
93101,1,GLS
93102,1,GLS
93103,1,GLS
93105,1,GLS
93106,1,GLS
93107,1,GLS
93108,1,GLS
93109,1,GLS
93110,1,GLS
93111,1,GLS
93116,1,GLS
93117,1,GLS
93118,1,GLS
93120,1,GLS
93121,1,GLS
93130,1,GLS
93140,1,GLS
93150,1,GLS
93160,1,GLS
93190,1,GLS
93199,1,GLS
93201,1,GLS
93202,1,GLS
93203,1,GLS
93204,1,GLS
93205,1,GLS
93206,1,GLS
93207,1,GLS
93208,1,GLS
93210,1,GLS
93212,1,GLS
93215,1,GLS
93216,1,GLS
93218,1,GLS
93219,1,GLS
93220,1,GLS
93221,1,GLS
93222,1,GLS
93223,1,GLS
93224,1,GLS
93225,1,GLS
93226,1,GLS
93227,1,GLS
93230,1,GLS
93232,1,GLS
93234,1,GLS
93235,1,GLS
93237,1,GLS
93238,1,GLS
93239,1,GLS
93240,1,GLS
93241,1,GLS
93242,1,GLS
93243,1,GLS
93244,1,GLS
93245,1,GLS
93246,1,GLS
93247,1,GLS
93249,1,GLS
93250,1,GLS
93251,1,GLS
93252,1,GLS
93254,1,GLS
93255,1,GLS
93256,1,GLS
93257,1,GLS
93258,1,GLS
93260,1,GLS
93261,1,GLS
93262,1,GLS
93263,1,GLS
93265,1,GLS
93266,1,GLS
93267,1,GLS
93268,1,GLS
93270,1,GLS
93271,1,GLS
93272,1,GLS
93274,1,GLS
93275,1,GLS
93276,1,GLS
93277,1,GLS
93278,1,GLS
93279,1,GLS
93280,1,GLS
93282,1,GLS
93283,1,GLS
93285,1,GLS
93286,1,GLS
93287,1,GLS
93291,1,GLS
93292,1,GLS
93301,1,GLS
93302,1,GLS
93303,1,GLS
93304,1,GLS
93305,1,GLS
93306,1,GLS
93307,1,GLS
93308,1,GLS
93309,1,GLS
93311,1,GLS
93312,1,GLS
93313,1,GLS
93314,1,GLS
93380,1,GLS
93383,1,GLS
93384,1,GLS
93385,1,GLS
93386,1,GLS
93387,1,GLS
93388,1,GLS
93389,1,GLS
93401,1,GLS
93402,1,GLS
93403,1,GLS
93405,1,GLS
93406,1,GLS
93407,1,GLS
93408,1,GLS
93409,1,GLS
93410,1,GLS
93412,1,GLS
93420,1,GLS
93421,1,GLS
93422,1,GLS
93423,1,GLS
93424,1,GLS
93426,1,GLS
93427,1,GLS
93428,1,GLS
93429,1,GLS
93430,1,GLS
93432,1,GLS
93433,1,GLS
93434,1,GLS
93435,1,GLS
93436,1,GLS
93437,1,GLS
93438,1,GLS
93440,1,GLS
93441,1,GLS
93442,1,GLS
93443,1,GLS
93444,1,GLS
93445,1,GLS
93446,1,GLS
93447,1,GLS
93448,1,GLS
93449,1,GLS
93450,1,GLS
93451,1,GLS
93452,1,GLS
93453,1,GLS
93454,1,GLS
93455,1,GLS
93456,1,GLS
93457,1,GLS
93458,1,GLS
93460,1,GLS
93461,1,GLS
93463,1,GLS
93464,1,GLS
93465,1,GLS
93475,1,GLS
93483,1,GLS
93501,1,GLS
93502,1,GLS
93504,1,GLS
93505,1,GLS
93510,1,GLS
93512,1,GLS
93513,1,GLS
93514,1,GLS
93515,1,GLS
93516,1,GLS
93517,1,GLS
93518,1,GLS
93519,1,GLS
93522,1,GLS
93523,1,GLS
93524,1,GLS
93526,1,GLS
93527,1,GLS
93528,1,GLS
93529,1,GLS
93530,1,GLS
93531,1,GLS
93532,1,GLS
93534,1,GLS
93535,1,GLS
93536,1,GLS
93541,1,GLS
93542,1,GLS
93543,1,GLS
93544,1,GLS
93545,1,GLS
93546,1,GLS
93549,1,GLS
93550,1,GLS
93551,1,GLS
93552,1,GLS
93553,1,GLS
93554,1,GLS
93555,1,GLS
93556,1,GLS
93558,1,GLS
93560,1,GLS
93561,1,GLS
93562,1,GLS
93563,1,GLS
93581,1,GLS
93591,1,GLS
93592,1,GLS
93599,1,GLS
93601,1,GLS
93602,1,GLS
93603,1,GLS
93604,1,GLS
93605,1,GLS
93606,1,GLS
93607,1,GLS
93608,1,GLS
93609,1,GLS
93610,1,GLS
93611,1,GLS
93612,1,GLS
93613,1,GLS
93614,1,GLS
93615,1,GLS
93616,1,GLS
93618,1,GLS
93619,1,GLS
93620,1,GLS
93621,1,GLS
93622,1,GLS
93623,1,GLS
93624,1,GLS
93625,1,GLS
93626,1,GLS
93627,1,GLS
93628,1,GLS
93630,1,GLS
93631,1,GLS
93633,1,GLS
93634,1,GLS
93635,1,GLS
93636,1,GLS
93637,1,GLS
93638,1,GLS
93639,1,GLS
93640,1,GLS
93641,1,GLS
93642,1,GLS
93643,1,GLS
93644,1,GLS
93645,1,GLS
93646,1,GLS
93647,1,GLS
93648,1,GLS
93649,1,GLS
93650,1,GLS
93651,1,GLS
93652,1,GLS
93653,1,GLS
93654,1,GLS
93656,1,GLS
93657,1,GLS
93660,1,GLS
93661,1,GLS
93662,1,GLS
93664,1,GLS
93665,1,GLS
93666,1,GLS
93667,1,GLS
93668,1,GLS
93669,1,GLS
93670,1,GLS
93673,1,GLS
93675,1,GLS
93701,1,GLS
93702,1,GLS
93703,1,GLS
93704,1,GLS
93705,1,GLS
93706,1,GLS
93707,1,GLS
93708,1,GLS
93709,1,GLS
93710,1,GLS
93711,1,GLS
93712,1,GLS
93714,1,GLS
93715,1,GLS
93716,1,GLS
93717,1,GLS
93718,1,GLS
93720,1,GLS
93721,1,GLS
93722,1,GLS
93723,1,GLS
93724,1,GLS
93725,1,GLS
93726,1,GLS
93727,1,GLS
93728,1,GLS
93729,1,GLS
93730,1,GLS
93737,1,GLS
93740,1,GLS
93741,1,GLS
93744,1,GLS
93745,1,GLS
93747,1,GLS
93750,1,GLS
93755,1,GLS
93760,1,GLS
93761,1,GLS
93764,1,GLS
93765,1,GLS
93771,1,GLS
93772,1,GLS
93773,1,GLS
93774,1,GLS
93775,1,GLS
93776,1,GLS
93777,1,GLS
93778,1,GLS
93779,1,GLS
93786,1,GLS
93790,1,GLS
93791,1,GLS
93792,1,GLS
93793,1,GLS
93794,1,GLS
93844,1,GLS
93888,1,GLS
93901,1,GLS
93902,1,GLS
93905,1,GLS
93906,1,GLS
93907,1,GLS
93908,1,GLS
93912,1,GLS
93915,1,GLS
93920,1,GLS
93921,1,GLS
93922,1,GLS
93923,1,GLS
93924,1,GLS
93925,1,GLS
93926,1,GLS
93927,1,GLS
93928,1,GLS
93930,1,GLS
93932,1,GLS
93933,1,GLS
93940,1,GLS
93942,1,GLS
93943,1,GLS
93944,1,GLS
93950,1,GLS
93953,1,GLS
93954,1,GLS
93955,1,GLS
93960,1,GLS
93962,1,GLS
94002,1,GLS
94005,1,GLS
94010,1,GLS
94011,1,GLS
94014,1,GLS
94015,1,GLS
94016,1,GLS
94017,1,GLS
94018,1,GLS
94019,1,GLS
94020,1,GLS
94021,1,GLS
94022,1,GLS
94023,1,GLS
94024,1,GLS
94025,1,GLS
94026,1,GLS
94027,1,GLS
94028,1,GLS
94030,1,GLS
94035,1,GLS
94037,1,GLS
94038,1,GLS
94039,1,GLS
94040,1,GLS
94041,1,GLS
94042,1,GLS
94043,1,GLS
94044,1,GLS
94060,1,GLS
94061,1,GLS
94062,1,GLS
94063,1,GLS
94064,1,GLS
94065,1,GLS
94066,1,GLS
94070,1,GLS
94074,1,GLS
94080,1,GLS
94085,1,GLS
94086,1,GLS
94087,1,GLS
94088,1,GLS
94089,1,GLS
94102,1,GLS
94103,1,GLS
94104,1,GLS
94105,1,GLS
94107,1,GLS
94108,1,GLS
94109,1,GLS
94110,1,GLS
94111,1,GLS
94112,1,GLS
94114,1,GLS
94115,1,GLS
94116,1,GLS
94117,1,GLS
94118,1,GLS
94119,1,GLS
94121,1,GLS
94122,1,GLS
94123,1,GLS
94124,1,GLS
94127,1,GLS
94128,1,GLS
94129,1,GLS
94130,1,GLS
94131,1,GLS
94132,1,GLS
94133,1,GLS
94134,1,GLS
94137,1,GLS
94139,1,GLS
94142,1,GLS
94143,1,GLS
94144,1,GLS
94145,1,GLS
94151,1,GLS
94158,1,GLS
94160,1,GLS
94161,1,GLS
94163,1,GLS
94177,1,GLS
94203,1,GLS
94204,1,GLS
94206,1,GLS
94207,1,GLS
94208,1,GLS
94209,1,GLS
94211,1,GLS
94229,1,GLS
94230,1,GLS
94232,1,GLS
94234,1,GLS
94235,1,GLS
94236,1,GLS
94237,1,GLS
94239,1,GLS
94240,1,GLS
94244,1,GLS
94245,1,GLS
94247,1,GLS
94248,1,GLS
94249,1,GLS
94250,1,GLS
94252,1,GLS
94254,1,GLS
94256,1,GLS
94257,1,GLS
94258,1,GLS
94259,1,GLS
94261,1,GLS
94262,1,GLS
94263,1,GLS
94267,1,GLS
94268,1,GLS
94269,1,GLS
94271,1,GLS
94273,1,GLS
94274,1,GLS
94277,1,GLS
94278,1,GLS
94279,1,GLS
94280,1,GLS
94282,1,GLS
94283,1,GLS
94284,1,GLS
94285,1,GLS
94287,1,GLS
94288,1,GLS
94289,1,GLS
94290,1,GLS
94291,1,GLS
94293,1,GLS
94294,1,GLS
94295,1,GLS
94296,1,GLS
94297,1,GLS
94298,1,GLS
94299,1,GLS
94301,1,GLS
94302,1,GLS
94303,1,GLS
94304,1,GLS
94305,1,GLS
94306,1,GLS
94309,1,GLS
94401,1,GLS
94402,1,GLS
94403,1,GLS
94404,1,GLS
94497,1,GLS
94501,1,GLS
94502,1,GLS
94503,1,GLS
94505,1,GLS
94506,1,GLS
94507,1,GLS
94508,1,GLS
94509,1,GLS
94510,1,GLS
94511,1,GLS
94512,1,GLS
94513,1,GLS
94514,1,GLS
94515,1,GLS
94516,1,GLS
94517,1,GLS
94518,1,GLS
94519,1,GLS
94520,1,GLS
94521,1,GLS
94522,1,GLS
94523,1,GLS
94524,1,GLS
94525,1,GLS
94526,1,GLS
94528,1,GLS
94529,1,GLS
94530,1,GLS
94531,1,GLS
94533,1,GLS
94534,1,GLS
94535,1,GLS
94536,1,GLS
94537,1,GLS
94538,1,GLS
94539,1,GLS
94540,1,GLS
94541,1,GLS
94542,1,GLS
94543,1,GLS
94544,1,GLS
94545,1,GLS
94546,1,GLS
94547,1,GLS
94548,1,GLS
94549,1,GLS
94550,1,GLS
94551,1,GLS
94552,1,GLS
94553,1,GLS
94555,1,GLS
94556,1,GLS
94557,1,GLS
94558,1,GLS
94559,1,GLS
94560,1,GLS
94561,1,GLS
94562,1,GLS
94563,1,GLS
94564,1,GLS
94565,1,GLS
94566,1,GLS
94567,1,GLS
94568,1,GLS
94569,1,GLS
94570,1,GLS
94571,1,GLS
94572,1,GLS
94573,1,GLS
94574,1,GLS
94575,1,GLS
94576,1,GLS
94577,1,GLS
94578,1,GLS
94579,1,GLS
94580,1,GLS
94581,1,GLS
94582,1,GLS
94583,1,GLS
94585,1,GLS
94586,1,GLS
94587,1,GLS
94588,1,GLS
94589,1,GLS
94590,1,GLS
94591,1,GLS
94592,1,GLS
94595,1,GLS
94596,1,GLS
94597,1,GLS
94598,1,GLS
94599,1,GLS
94601,1,GLS
94602,1,GLS
94603,1,GLS
94604,1,GLS
94605,1,GLS
94606,1,GLS
94607,1,GLS
94608,1,GLS
94609,1,GLS
94610,1,GLS
94611,1,GLS
94612,1,GLS
94613,1,GLS
94614,1,GLS
94615,1,GLS
94617,1,GLS
94618,1,GLS
94619,1,GLS
94621,1,GLS
94623,1,GLS
94649,1,GLS
94659,1,GLS
94660,1,GLS
94666,1,GLS
94702,1,GLS
94703,1,GLS
94704,1,GLS
94705,1,GLS
94706,1,GLS
94707,1,GLS
94708,1,GLS
94709,1,GLS
94710,1,GLS
94720,1,GLS
94801,1,GLS
94802,1,GLS
94803,1,GLS
94804,1,GLS
94805,1,GLS
94806,1,GLS
94850,1,GLS
94901,1,GLS
94903,1,GLS
94904,1,GLS
94912,1,GLS
94913,1,GLS
94915,1,GLS
94920,1,GLS
94922,1,GLS
94923,1,GLS
94924,1,GLS
94925,1,GLS
94926,1,GLS
94927,1,GLS
94928,1,GLS
94929,1,GLS
94930,1,GLS
94931,1,GLS
94933,1,GLS
94937,1,GLS
94938,1,GLS
94939,1,GLS
94940,1,GLS
94941,1,GLS
94945,1,GLS
94946,1,GLS
94947,1,GLS
94948,1,GLS
94949,1,GLS
94950,1,GLS
94951,1,GLS
94952,1,GLS
94953,1,GLS
94954,1,GLS
94955,1,GLS
94956,1,GLS
94957,1,GLS
94960,1,GLS
94963,1,GLS
94964,1,GLS
94965,1,GLS
94970,1,GLS
94971,1,GLS
94972,1,GLS
94973,1,GLS
94974,1,GLS
94975,1,GLS
94998,1,GLS
94999,1,GLS
95001,1,GLS
95002,1,GLS
95003,1,GLS
95004,1,GLS
95005,1,GLS
95006,1,GLS
95007,1,GLS
95008,1,GLS
95009,1,GLS
95010,1,GLS
95012,1,GLS
95013,1,GLS
95014,1,GLS
95015,1,GLS
95017,1,GLS
95018,1,GLS
95019,1,GLS
95020,1,GLS
95021,1,GLS
95023,1,GLS
95024,1,GLS
95026,1,GLS
95030,1,GLS
95031,1,GLS
95032,1,GLS
95033,1,GLS
95035,1,GLS
95036,1,GLS
95037,1,GLS
95038,1,GLS
95039,1,GLS
95041,1,GLS
95043,1,GLS
95044,1,GLS
95045,1,GLS
95046,1,GLS
95050,1,GLS
95051,1,GLS
95052,1,GLS
95053,1,GLS
95054,1,GLS
95055,1,GLS
95056,1,GLS
95060,1,GLS
95061,1,GLS
95062,1,GLS
95063,1,GLS
95064,1,GLS
95065,1,GLS
95066,1,GLS
95067,1,GLS
95070,1,GLS
95071,1,GLS
95073,1,GLS
95075,1,GLS
95076,1,GLS
95077,1,GLS
95101,1,GLS
95106,1,GLS
95109,1,GLS
95110,1,GLS
95111,1,GLS
95112,1,GLS
95113,1,GLS
95115,1,GLS
95116,1,GLS
95117,1,GLS
95118,1,GLS
95119,1,GLS
95120,1,GLS
95121,1,GLS
95122,1,GLS
95123,1,GLS
95124,1,GLS
95125,1,GLS
95126,1,GLS
95127,1,GLS
95128,1,GLS
95129,1,GLS
95130,1,GLS
95131,1,GLS
95132,1,GLS
95133,1,GLS
95134,1,GLS
95135,1,GLS
95136,1,GLS
95138,1,GLS
95139,1,GLS
95140,1,GLS
95141,1,GLS
95148,1,GLS
95153,1,GLS
95158,1,GLS
95161,1,GLS
95190,1,GLS
95191,1,GLS
95192,1,GLS
95193,1,GLS
95194,1,GLS
95196,1,GLS
95201,1,GLS
95202,1,GLS
95203,1,GLS
95204,1,GLS
95205,1,GLS
95206,1,GLS
95207,1,GLS
95208,1,GLS
95209,1,GLS
95210,1,GLS
95211,1,GLS
95212,1,GLS
95213,1,GLS
95215,1,GLS
95219,1,GLS
95220,1,GLS
95221,1,GLS
95222,1,GLS
95223,1,GLS
95224,1,GLS
95225,1,GLS
95226,1,GLS
95227,1,GLS
95228,1,GLS
95229,1,GLS
95230,1,GLS
95231,1,GLS
95232,1,GLS
95233,1,GLS
95234,1,GLS
95236,1,GLS
95237,1,GLS
95240,1,GLS
95241,1,GLS
95242,1,GLS
95245,1,GLS
95246,1,GLS
95247,1,GLS
95248,1,GLS
95249,1,GLS
95251,1,GLS
95252,1,GLS
95253,1,GLS
95254,1,GLS
95255,1,GLS
95257,1,GLS
95258,1,GLS
95267,1,GLS
95269,1,GLS
95296,1,GLS
95297,1,GLS
95301,1,GLS
95303,1,GLS
95304,1,GLS
95305,1,GLS
95306,1,GLS
95307,1,GLS
95309,1,GLS
95310,1,GLS
95311,1,GLS
95312,1,GLS
95313,1,GLS
95315,1,GLS
95316,1,GLS
95317,1,GLS
95318,1,GLS
95319,1,GLS
95320,1,GLS
95321,1,GLS
95322,1,GLS
95323,1,GLS
95324,1,GLS
95325,1,GLS
95326,1,GLS
95327,1,GLS
95328,1,GLS
95329,1,GLS
95330,1,GLS
95333,1,GLS
95334,1,GLS
95335,1,GLS
95336,1,GLS
95337,1,GLS
95338,1,GLS
95340,1,GLS
95341,1,GLS
95343,1,GLS
95344,1,GLS
95345,1,GLS
95346,1,GLS
95347,1,GLS
95348,1,GLS
95350,1,GLS
95351,1,GLS
95352,1,GLS
95353,1,GLS
95354,1,GLS
95355,1,GLS
95356,1,GLS
95357,1,GLS
95358,1,GLS
95360,1,GLS
95361,1,GLS
95363,1,GLS
95364,1,GLS
95365,1,GLS
95366,1,GLS
95367,1,GLS
95368,1,GLS
95369,1,GLS
95370,1,GLS
95372,1,GLS
95373,1,GLS
95374,1,GLS
95375,1,GLS
95376,1,GLS
95377,1,GLS
95378,1,GLS
95379,1,GLS
95380,1,GLS
95381,1,GLS
95382,1,GLS
95383,1,GLS
95385,1,GLS
95386,1,GLS
95387,1,GLS
95388,1,GLS
95389,1,GLS
95391,1,GLS
95397,1,GLS
95401,1,GLS
95402,1,GLS
95403,1,GLS
95404,1,GLS
95405,1,GLS
95406,1,GLS
95407,1,GLS
95409,1,GLS
95410,1,GLS
95412,1,GLS
95415,1,GLS
95416,1,GLS
95417,1,GLS
95418,1,GLS
95419,1,GLS
95420,1,GLS
95421,1,GLS
95422,1,GLS
95423,1,GLS
95424,1,GLS
95425,1,GLS
95426,1,GLS
95427,1,GLS
95428,1,GLS
95429,1,GLS
95430,1,GLS
95431,1,GLS
95432,1,GLS
95433,1,GLS
95435,1,GLS
95436,1,GLS
95437,1,GLS
95439,1,GLS
95441,1,GLS
95442,1,GLS
95443,1,GLS
95444,1,GLS
95445,1,GLS
95446,1,GLS
95448,1,GLS
95449,1,GLS
95450,1,GLS
95451,1,GLS
95452,1,GLS
95453,1,GLS
95454,1,GLS
95456,1,GLS
95457,1,GLS
95458,1,GLS
95459,1,GLS
95460,1,GLS
95461,1,GLS
95462,1,GLS
95463,1,GLS
95464,1,GLS
95465,1,GLS
95466,1,GLS
95467,1,GLS
95468,1,GLS
95469,1,GLS
95470,1,GLS
95471,1,GLS
95472,1,GLS
95476,1,GLS
95480,1,GLS
95481,1,GLS
95482,1,GLS
95485,1,GLS
95486,1,GLS
95487,1,GLS
95488,1,GLS
95490,1,GLS
95492,1,GLS
95493,1,GLS
95494,1,GLS
95497,1,GLS
95501,1,GLS
95502,1,GLS
95503,1,GLS
95511,1,GLS
95514,1,GLS
95519,1,GLS
95521,1,GLS
95524,1,GLS
95525,1,GLS
95526,1,GLS
95527,1,GLS
95528,1,GLS
95531,1,GLS
95532,1,GLS
95534,1,GLS
95536,1,GLS
95537,1,GLS
95538,1,GLS
95540,1,GLS
95542,1,GLS
95543,1,GLS
95545,1,GLS
95546,1,GLS
95547,1,GLS
95548,1,GLS
95549,1,GLS
95550,1,GLS
95551,1,GLS
95552,1,GLS
95553,1,GLS
95554,1,GLS
95555,1,GLS
95556,1,GLS
95558,1,GLS
95559,1,GLS
95560,1,GLS
95562,1,GLS
95563,1,GLS
95564,1,GLS
95565,1,GLS
95567,1,GLS
95568,1,GLS
95569,1,GLS
95570,1,GLS
95571,1,GLS
95573,1,GLS
95585,1,GLS
95587,1,GLS
95589,1,GLS
95595,1,GLS
95601,1,GLS
95602,1,GLS
95603,1,GLS
95604,1,GLS
95605,1,GLS
95606,1,GLS
95607,1,GLS
95608,1,GLS
95609,1,GLS
95610,1,GLS
95611,1,GLS
95612,1,GLS
95613,1,GLS
95614,1,GLS
95615,1,GLS
95616,1,GLS
95617,1,GLS
95618,1,GLS
95619,1,GLS
95620,1,GLS
95621,1,GLS
95623,1,GLS
95624,1,GLS
95625,1,GLS
95626,1,GLS
95627,1,GLS
95628,1,GLS
95629,1,GLS
95630,1,GLS
95631,1,GLS
95632,1,GLS
95633,1,GLS
95634,1,GLS
95635,1,GLS
95636,1,GLS
95637,1,GLS
95638,1,GLS
95639,1,GLS
95640,1,GLS
95641,1,GLS
95642,1,GLS
95644,1,GLS
95645,1,GLS
95646,1,GLS
95648,1,GLS
95650,1,GLS
95651,1,GLS
95652,1,GLS
95653,1,GLS
95654,1,GLS
95655,1,GLS
95656,1,GLS
95658,1,GLS
95659,1,GLS
95660,1,GLS
95661,1,GLS
95662,1,GLS
95663,1,GLS
95664,1,GLS
95665,1,GLS
95666,1,GLS
95667,1,GLS
95668,1,GLS
95669,1,GLS
95670,1,GLS
95671,1,GLS
95672,1,GLS
95673,1,GLS
95674,1,GLS
95675,1,GLS
95676,1,GLS
95677,1,GLS
95678,1,GLS
95679,1,GLS
95680,1,GLS
95681,1,GLS
95682,1,GLS
95683,1,GLS
95684,1,GLS
95685,1,GLS
95686,1,GLS
95687,1,GLS
95688,1,GLS
95689,1,GLS
95690,1,GLS
95691,1,GLS
95692,1,GLS
95693,1,GLS
95694,1,GLS
95695,1,GLS
95696,1,GLS
95697,1,GLS
95698,1,GLS
95699,1,GLS
95701,1,GLS
95703,1,GLS
95709,1,GLS
95712,1,GLS
95713,1,GLS
95714,1,GLS
95715,1,GLS
95717,1,GLS
95720,1,GLS
95721,1,GLS
95722,1,GLS
95724,1,GLS
95726,1,GLS
95728,1,GLS
95735,1,GLS
95736,1,GLS
95741,1,GLS
95742,1,GLS
95746,1,GLS
95747,1,GLS
95757,1,GLS
95758,1,GLS
95759,1,GLS
95762,1,GLS
95763,1,GLS
95765,1,GLS
95776,1,GLS
95798,1,GLS
95799,1,GLS
95811,1,GLS
95812,1,GLS
95813,1,GLS
95814,1,GLS
95815,1,GLS
95816,1,GLS
95817,1,GLS
95818,1,GLS
95819,1,GLS
95820,1,GLS
95821,1,GLS
95822,1,GLS
95823,1,GLS
95824,1,GLS
95825,1,GLS
95826,1,GLS
95827,1,GLS
95828,1,GLS
95829,1,GLS
95830,1,GLS
95831,1,GLS
95832,1,GLS
95833,1,GLS
95834,1,GLS
95835,1,GLS
95836,1,GLS
95837,1,GLS
95838,1,GLS
95840,1,GLS
95841,1,GLS
95842,1,GLS
95843,1,GLS
95851,1,GLS
95852,1,GLS
95853,1,GLS
95860,1,GLS
95864,1,GLS
95865,1,GLS
95866,1,GLS
95867,1,GLS
95894,1,GLS
95899,1,GLS
95901,1,GLS
95903,1,GLS
95910,1,GLS
95912,1,GLS
95913,1,GLS
95914,1,GLS
95915,1,GLS
95916,1,GLS
95917,1,GLS
95918,1,GLS
95919,1,GLS
95920,1,GLS
95922,1,GLS
95923,1,GLS
95924,1,GLS
95925,1,GLS
95926,1,GLS
95927,1,GLS
95928,1,GLS
95929,1,GLS
95930,1,GLS
95932,1,GLS
95934,1,GLS
95935,1,GLS
95936,1,GLS
95937,1,GLS
95938,1,GLS
95939,1,GLS
95940,1,GLS
95941,1,GLS
95942,1,GLS
95943,1,GLS
95944,1,GLS
95945,1,GLS
95946,1,GLS
95947,1,GLS
95948,1,GLS
95949,1,GLS
95950,1,GLS
95951,1,GLS
95953,1,GLS
95954,1,GLS
95955,1,GLS
95956,1,GLS
95957,1,GLS
95958,1,GLS
95959,1,GLS
95960,1,GLS
95961,1,GLS
95962,1,GLS
95963,1,GLS
95965,1,GLS
95966,1,GLS
95967,1,GLS
95968,1,GLS
95969,1,GLS
95970,1,GLS
95971,1,GLS
95972,1,GLS
95973,1,GLS
95974,1,GLS
95975,1,GLS
95976,1,GLS
95977,1,GLS
95978,1,GLS
95979,1,GLS
95980,1,GLS
95981,1,GLS
95982,1,GLS
95983,1,GLS
95984,1,GLS
95986,1,GLS
95987,1,GLS
95988,1,GLS
95991,1,GLS
95992,1,GLS
95993,1,GLS
96001,1,GLS
96002,1,GLS
96003,1,GLS
96006,1,GLS
96007,1,GLS
96008,1,GLS
96009,1,GLS
96010,1,GLS
96011,1,GLS
96013,1,GLS
96014,1,GLS
96015,1,GLS
96016,1,GLS
96017,1,GLS
96019,1,GLS
96020,1,GLS
96021,1,GLS
96022,1,GLS
96023,1,GLS
96024,1,GLS
96025,1,GLS
96027,1,GLS
96028,1,GLS
96029,1,GLS
96031,1,GLS
96032,1,GLS
96033,1,GLS
96034,1,GLS
96035,1,GLS
96037,1,GLS
96038,1,GLS
96039,1,GLS
96040,1,GLS
96041,1,GLS
96044,1,GLS
96046,1,GLS
96047,1,GLS
96048,1,GLS
96049,1,GLS
96050,1,GLS
96051,1,GLS
96052,1,GLS
96054,1,GLS
96055,1,GLS
96056,1,GLS
96057,1,GLS
96058,1,GLS
96059,1,GLS
96061,1,GLS
96062,1,GLS
96063,1,GLS
96064,1,GLS
96065,1,GLS
96067,1,GLS
96068,1,GLS
96069,1,GLS
96070,1,GLS
96071,1,GLS
96073,1,GLS
96074,1,GLS
96075,1,GLS
96076,1,GLS
96078,1,GLS
96079,1,GLS
96080,1,GLS
96084,1,GLS
96085,1,GLS
96086,1,GLS
96087,1,GLS
96088,1,GLS
96089,1,GLS
96090,1,GLS
96091,1,GLS
96092,1,GLS
96093,1,GLS
96094,1,GLS
96095,1,GLS
96096,1,GLS
96097,1,GLS
96099,1,GLS
96101,1,GLS
96103,1,GLS
96104,1,GLS
96105,1,GLS
96106,1,GLS
96107,1,GLS
96108,1,GLS
96109,1,GLS
96110,1,GLS
96111,1,GLS
96112,1,GLS
96113,1,GLS
96114,1,GLS
96115,1,GLS
96116,1,GLS
96117,1,GLS
96118,1,GLS
96119,1,GLS
96120,1,GLS
96121,1,GLS
96122,1,GLS
96123,1,GLS
96124,1,GLS
96125,1,GLS
96126,1,GLS
96127,1,GLS
96128,1,GLS
96129,1,GLS
96130,1,GLS
96132,1,GLS
96133,1,GLS
96134,1,GLS
96135,1,GLS
96136,1,GLS
96137,1,GLS
96140,1,GLS
96141,1,GLS
96142,1,GLS
96143,1,GLS
96145,1,GLS
96146,1,GLS
96148,1,GLS
96150,1,GLS
96151,1,GLS
96152,1,GLS
96154,1,GLS
96155,1,GLS
96156,1,GLS
96157,1,GLS
96158,1,GLS
96160,1,GLS
96161,1,GLS
96162,1,GLS
97002,2,GLS
97003,2,GLS
97004,2,GLS
97005,2,GLS
97006,2,GLS
97007,2,GLS
97008,2,GLS
97009,2,GLS
97011,2,GLS
97013,2,GLS
97014,2,GLS
97015,2,GLS
97016,2,GLS
97017,2,GLS
97018,2,GLS
97019,2,GLS
97020,2,GLS
97021,2,GLS
97022,2,GLS
97023,2,GLS
97024,2,GLS
97026,2,GLS
97027,2,GLS
97028,2,GLS
97029,2,GLS
97030,2,GLS
97031,2,GLS
97032,2,GLS
97034,2,GLS
97035,2,GLS
97037,2,GLS
97038,2,GLS
97039,2,GLS
97040,2,GLS
97041,2,GLS
97042,2,GLS
97045,2,GLS
97048,2,GLS
97049,2,GLS
97050,2,GLS
97051,2,GLS
97053,2,GLS
97054,2,GLS
97055,2,GLS
97056,2,GLS
97058,2,GLS
97060,2,GLS
97062,2,GLS
97063,2,GLS
97064,2,GLS
97065,2,GLS
97067,2,GLS
97068,2,GLS
97070,2,GLS
97071,2,GLS
97077,2,GLS
97078,2,GLS
97079,2,GLS
97080,2,GLS
97086,2,GLS
97089,2,GLS
97101,2,GLS
97102,2,GLS
97103,2,GLS
97106,2,GLS
97107,2,GLS
97108,2,GLS
97109,2,GLS
97110,2,GLS
97111,2,GLS
97112,2,GLS
97113,2,GLS
97114,2,GLS
97115,2,GLS
97116,2,GLS
97117,2,GLS
97119,2,GLS
97121,2,GLS
97122,2,GLS
97123,2,GLS
97124,2,GLS
97125,2,GLS
97127,2,GLS
97128,2,GLS
97129,2,GLS
97130,2,GLS
97131,2,GLS
97132,2,GLS
97133,2,GLS
97136,2,GLS
97137,2,GLS
97138,2,GLS
97140,2,GLS
97141,2,GLS
97144,2,GLS
97146,2,GLS
97147,2,GLS
97148,2,GLS
97149,2,GLS
97201,2,GLS
97202,2,GLS
97203,2,GLS
97204,2,GLS
97205,2,GLS
97206,2,GLS
97209,2,GLS
97210,2,GLS
97211,2,GLS
97212,2,GLS
97213,2,GLS
97214,2,GLS
97215,2,GLS
97216,2,GLS
97217,2,GLS
97218,2,GLS
97219,2,GLS
97220,2,GLS
97221,2,GLS
97222,2,GLS
97223,2,GLS
97224,2,GLS
97225,2,GLS
97227,2,GLS
97229,2,GLS
97230,2,GLS
97231,2,GLS
97232,2,GLS
97233,2,GLS
97236,2,GLS
97239,2,GLS
97250,2,GLS
97251,2,GLS
97252,2,GLS
97253,2,GLS
97254,2,GLS
97256,2,GLS
97258,2,GLS
97266,2,GLS
97267,2,GLS
97301,2,GLS
97302,2,GLS
97303,2,GLS
97304,2,GLS
97305,2,GLS
97306,2,GLS
97310,2,GLS
97311,2,GLS
97312,2,GLS
97313,2,GLS
97314,2,GLS
97317,2,GLS
97321,2,GLS
97322,2,GLS
97324,2,GLS
97325,2,GLS
97326,2,GLS
97327,2,GLS
97329,2,GLS
97330,2,GLS
97331,2,GLS
97333,2,GLS
97338,2,GLS
97341,2,GLS
97343,2,GLS
97344,2,GLS
97345,2,GLS
97346,2,GLS
97347,2,GLS
97348,2,GLS
97350,2,GLS
97351,2,GLS
97352,2,GLS
97355,2,GLS
97357,2,GLS
97358,2,GLS
97360,2,GLS
97361,2,GLS
97362,2,GLS
97364,2,GLS
97365,2,GLS
97366,2,GLS
97367,2,GLS
97368,2,GLS
97369,2,GLS
97370,2,GLS
97371,2,GLS
97374,2,GLS
97375,2,GLS
97376,2,GLS
97377,2,GLS
97378,2,GLS
97380,2,GLS
97381,2,GLS
97383,2,GLS
97385,2,GLS
97386,2,GLS
97389,2,GLS
97390,2,GLS
97391,2,GLS
97392,2,GLS
97394,2,GLS
97396,2,GLS
97401,2,GLS
97402,2,GLS
97403,2,GLS
97404,2,GLS
97405,2,GLS
97406,2,GLS
97408,2,GLS
97410,2,GLS
97411,2,GLS
97412,2,GLS
97413,2,GLS
97414,2,GLS
97415,2,GLS
97416,2,GLS
97417,2,GLS
97419,2,GLS
97420,2,GLS
97423,2,GLS
97424,2,GLS
97426,2,GLS
97429,2,GLS
97430,2,GLS
97431,2,GLS
97432,2,GLS
97434,2,GLS
97435,2,GLS
97436,2,GLS
97437,2,GLS
97438,2,GLS
97439,2,GLS
97441,2,GLS
97442,2,GLS
97443,2,GLS
97444,2,GLS
97446,2,GLS
97447,2,GLS
97448,2,GLS
97449,2,GLS
97450,2,GLS
97451,2,GLS
97452,2,GLS
97453,2,GLS
97454,2,GLS
97455,2,GLS
97456,2,GLS
97457,2,GLS
97458,2,GLS
97459,2,GLS
97461,2,GLS
97462,2,GLS
97463,2,GLS
97465,2,GLS
97466,2,GLS
97467,2,GLS
97469,2,GLS
97470,2,GLS
97471,2,GLS
97473,2,GLS
97475,2,GLS
97476,2,GLS
97477,2,GLS
97478,2,GLS
97479,2,GLS
97480,2,GLS
97481,2,GLS
97484,2,GLS
97486,2,GLS
97487,2,GLS
97488,2,GLS
97489,2,GLS
97490,2,GLS
97492,2,GLS
97493,2,GLS
97495,2,GLS
97496,2,GLS
97497,2,GLS
97498,2,GLS
97499,2,GLS
97501,2,GLS
97502,2,GLS
97503,2,GLS
97504,2,GLS
97520,2,GLS
97522,2,GLS
97523,2,GLS
97524,2,GLS
97525,2,GLS
97526,2,GLS
97527,2,GLS
97530,2,GLS
97531,2,GLS
97532,2,GLS
97534,2,GLS
97535,2,GLS
97536,2,GLS
97537,2,GLS
97538,2,GLS
97539,2,GLS
97540,2,GLS
97541,2,GLS
97543,2,GLS
97544,2,GLS
97601,2,GLS
97603,2,GLS
97604,2,GLS
97621,2,GLS
97623,2,GLS
97624,2,GLS
97625,2,GLS
97627,2,GLS
97630,2,GLS
97632,2,GLS
97633,2,GLS
97635,2,GLS
97636,2,GLS
97637,2,GLS
97638,2,GLS
97639,2,GLS
97640,2,GLS
97641,2,GLS
97701,2,GLS
97702,2,GLS
97703,2,GLS
97707,2,GLS
97710,2,GLS
97711,2,GLS
97712,2,GLS
97720,2,GLS
97721,2,GLS
97722,2,GLS
97730,2,GLS
97731,2,GLS
97732,2,GLS
97733,2,GLS
97734,2,GLS
97736,2,GLS
97737,2,GLS
97738,2,GLS
97739,2,GLS
97741,2,GLS
97750,2,GLS
97751,2,GLS
97752,2,GLS
97753,2,GLS
97754,2,GLS
97756,2,GLS
97758,2,GLS
97759,2,GLS
97760,2,GLS
97761,2,GLS
97801,2,GLS
97810,2,GLS
97812,2,GLS
97813,2,GLS
97814,2,GLS
97817,2,GLS
97818,2,GLS
97819,2,GLS
97820,2,GLS
97823,2,GLS
97824,2,GLS
97825,2,GLS
97826,2,GLS
97827,2,GLS
97828,2,GLS
97830,2,GLS
97833,2,GLS
97834,2,GLS
97835,2,GLS
97836,2,GLS
97837,2,GLS
97838,2,GLS
97839,2,GLS
97840,2,GLS
97841,2,GLS
97842,2,GLS
97843,2,GLS
97844,2,GLS
97845,2,GLS
97846,2,GLS
97848,2,GLS
97850,2,GLS
97856,2,GLS
97857,2,GLS
97861,2,GLS
97862,2,GLS
97864,2,GLS
97865,2,GLS
97867,2,GLS
97868,2,GLS
97869,2,GLS
97870,2,GLS
97873,2,GLS
97874,2,GLS
97875,2,GLS
97876,2,GLS
97877,2,GLS
97882,2,GLS
97883,2,GLS
97884,2,GLS
97885,2,GLS
97886,2,GLS
97901,2,GLS
97903,2,GLS
97904,2,GLS
97905,2,GLS
97906,2,GLS
97907,2,GLS
97908,2,GLS
97909,2,GLS
97910,2,GLS
97911,2,GLS
97913,2,GLS
97914,2,GLS
97917,2,GLS
97918,2,GLS
98001,2,GLS
98002,2,GLS
98003,2,GLS
98004,2,GLS
98005,2,GLS
98006,2,GLS
98007,2,GLS
98008,2,GLS
98010,2,GLS
98011,2,GLS
98012,2,GLS
98014,2,GLS
98019,2,GLS
98020,2,GLS
98021,2,GLS
98022,2,GLS
98023,2,GLS
98024,2,GLS
98026,2,GLS
98027,2,GLS
98028,2,GLS
98029,2,GLS
98030,2,GLS
98031,2,GLS
98032,2,GLS
98033,2,GLS
98034,2,GLS
98036,2,GLS
98037,2,GLS
98038,2,GLS
98039,2,GLS
98040,2,GLS
98042,2,GLS
98043,2,GLS
98045,2,GLS
98047,2,GLS
98050,2,GLS
98051,2,GLS
98052,2,GLS
98053,2,GLS
98055,2,GLS
98056,2,GLS
98057,2,GLS
98058,2,GLS
98059,2,GLS
98063,2,GLS
98065,2,GLS
98070,2,GLS
98072,2,GLS
98074,2,GLS
98075,2,GLS
98077,2,GLS
98087,2,GLS
98089,2,GLS
98092,2,GLS
98101,2,GLS
98102,2,GLS
98103,2,GLS
98104,2,GLS
98105,2,GLS
98106,2,GLS
98107,2,GLS
98108,2,GLS
98109,2,GLS
98110,2,GLS
98112,2,GLS
98115,2,GLS
98116,2,GLS
98117,2,GLS
98118,2,GLS
98119,2,GLS
98121,2,GLS
98122,2,GLS
98125,2,GLS
98126,2,GLS
98129,2,GLS
98131,2,GLS
98133,2,GLS
98134,2,GLS
98136,2,GLS
98144,2,GLS
98146,2,GLS
98148,2,GLS
98154,2,GLS
98155,2,GLS
98158,2,GLS
98161,2,GLS
98164,2,GLS
98166,2,GLS
98168,2,GLS
98174,2,GLS
98177,2,GLS
98178,2,GLS
98181,2,GLS
98188,2,GLS
98190,2,GLS
98191,2,GLS
98195,2,GLS
98198,2,GLS
98199,2,GLS
98201,2,GLS
98203,2,GLS
98204,2,GLS
98208,2,GLS
98220,2,GLS
98221,2,GLS
98222,2,GLS
98223,2,GLS
98225,2,GLS
98226,2,GLS
98229,2,GLS
98230,2,GLS
98232,2,GLS
98233,2,GLS
98235,2,GLS
98236,2,GLS
98237,2,GLS
98239,2,GLS
98240,2,GLS
98241,2,GLS
98244,2,GLS
98245,2,GLS
98247,2,GLS
98248,2,GLS
98249,2,GLS
98250,2,GLS
98251,2,GLS
98252,2,GLS
98253,2,GLS
98257,2,GLS
98258,2,GLS
98260,2,GLS
98261,2,GLS
98262,2,GLS
98264,2,GLS
98266,2,GLS
98267,2,GLS
98270,2,GLS
98271,2,GLS
98272,2,GLS
98273,2,GLS
98274,2,GLS
98275,2,GLS
98276,2,GLS
98277,2,GLS
98278,2,GLS
98279,2,GLS
98280,2,GLS
98281,2,GLS
98282,2,GLS
98283,2,GLS
98284,2,GLS
98288,2,GLS
98290,2,GLS
98292,2,GLS
98294,2,GLS
98295,2,GLS
98296,2,GLS
98304,2,GLS
98305,2,GLS
98310,2,GLS
98311,2,GLS
98312,2,GLS
98314,2,GLS
98315,2,GLS
98320,2,GLS
98321,2,GLS
98323,2,GLS
98325,2,GLS
98326,2,GLS
98327,2,GLS
98328,2,GLS
98329,2,GLS
98330,2,GLS
98331,2,GLS
98332,2,GLS
98333,2,GLS
98335,2,GLS
98336,2,GLS
98337,2,GLS
98338,2,GLS
98339,2,GLS
98340,2,GLS
98342,2,GLS
98346,2,GLS
98349,2,GLS
98351,2,GLS
98352,2,GLS
98354,2,GLS
98355,2,GLS
98356,2,GLS
98357,2,GLS
98358,2,GLS
98359,2,GLS
98360,2,GLS
98361,2,GLS
98362,2,GLS
98363,2,GLS
98365,2,GLS
98366,2,GLS
98367,2,GLS
98368,2,GLS
98370,2,GLS
98371,2,GLS
98372,2,GLS
98373,2,GLS
98374,2,GLS
98375,2,GLS
98376,2,GLS
98377,2,GLS
98380,2,GLS
98381,2,GLS
98382,2,GLS
98383,2,GLS
98385,2,GLS
98386,2,GLS
98387,2,GLS
98388,2,GLS
98390,2,GLS
98391,2,GLS
98392,2,GLS
98394,2,GLS
98402,2,GLS
98403,2,GLS
98404,2,GLS
98405,2,GLS
98406,2,GLS
98407,2,GLS
98408,2,GLS
98409,2,GLS
98413,2,GLS
98416,2,GLS
98418,2,GLS
98421,2,GLS
98422,2,GLS
98424,2,GLS
98433,2,GLS
98439,2,GLS
98443,2,GLS
98444,2,GLS
98445,2,GLS
98446,2,GLS
98447,2,GLS
98465,2,GLS
98466,2,GLS
98467,2,GLS
98471,2,GLS
98481,2,GLS
98493,2,GLS
98498,2,GLS
98499,2,GLS
98501,2,GLS
98502,2,GLS
98503,2,GLS
98504,2,GLS
98505,2,GLS
98506,2,GLS
98512,2,GLS
98513,2,GLS
98516,2,GLS
98520,2,GLS
98524,2,GLS
98526,2,GLS
98528,2,GLS
98531,2,GLS
98532,2,GLS
98533,2,GLS
98535,2,GLS
98536,2,GLS
98537,2,GLS
98538,2,GLS
98541,2,GLS
98542,2,GLS
98546,2,GLS
98547,2,GLS
98548,2,GLS
98550,2,GLS
98552,2,GLS
98555,2,GLS
98557,2,GLS
98558,2,GLS
98560,2,GLS
98562,2,GLS
98563,2,GLS
98564,2,GLS
98568,2,GLS
98569,2,GLS
98570,2,GLS
98571,2,GLS
98572,2,GLS
98575,2,GLS
98576,2,GLS
98577,2,GLS
98579,2,GLS
98580,2,GLS
98581,2,GLS
98582,2,GLS
98584,2,GLS
98585,2,GLS
98586,2,GLS
98588,2,GLS
98589,2,GLS
98590,2,GLS
98591,2,GLS
98592,2,GLS
98593,2,GLS
98595,2,GLS
98596,2,GLS
98597,2,GLS
98601,2,GLS
98602,2,GLS
98603,2,GLS
98604,2,GLS
98605,2,GLS
98606,2,GLS
98607,2,GLS
98609,2,GLS
98610,2,GLS
98611,2,GLS
98612,2,GLS
98613,2,GLS
98616,2,GLS
98619,2,GLS
98620,2,GLS
98621,2,GLS
98624,2,GLS
98625,2,GLS
98626,2,GLS
98628,2,GLS
98629,2,GLS
98631,2,GLS
98632,2,GLS
98635,2,GLS
98638,2,GLS
98640,2,GLS
98642,2,GLS
98643,2,GLS
98644,2,GLS
98645,2,GLS
98647,2,GLS
98648,2,GLS
98649,2,GLS
98650,2,GLS
98651,2,GLS
98660,2,GLS
98661,2,GLS
98662,2,GLS
98663,2,GLS
98664,2,GLS
98665,2,GLS
98670,2,GLS
98671,2,GLS
98672,2,GLS
98674,2,GLS
98675,2,GLS
98682,2,GLS
98683,2,GLS
98684,2,GLS
98685,2,GLS
98686,2,GLS
98801,2,GLS
98802,2,GLS
98812,2,GLS
98813,2,GLS
98814,2,GLS
98815,2,GLS
98816,2,GLS
98821,2,GLS
98822,2,GLS
98823,2,GLS
98826,2,GLS
98827,2,GLS
98828,2,GLS
98830,2,GLS
98831,2,GLS
98832,2,GLS
98833,2,GLS
98834,2,GLS
98837,2,GLS
98840,2,GLS
98841,2,GLS
98843,2,GLS
98844,2,GLS
98845,2,GLS
98846,2,GLS
98847,2,GLS
98848,2,GLS
98849,2,GLS
98850,2,GLS
98851,2,GLS
98855,2,GLS
98856,2,GLS
98857,2,GLS
98858,2,GLS
98859,2,GLS
98862,2,GLS
98901,2,GLS
98902,2,GLS
98903,2,GLS
98908,2,GLS
98909,2,GLS
98922,2,GLS
98923,2,GLS
98926,2,GLS
98930,2,GLS
98932,2,GLS
98933,2,GLS
98934,2,GLS
98935,2,GLS
98936,2,GLS
98937,2,GLS
98938,2,GLS
98941,2,GLS
98942,2,GLS
98944,2,GLS
98946,2,GLS
98947,2,GLS
98948,2,GLS
98951,2,GLS
98952,2,GLS
98953,2,GLS
99001,2,GLS
99003,2,GLS
99004,2,GLS
99005,2,GLS
99006,2,GLS
99008,2,GLS
99009,2,GLS
99011,2,GLS
99012,2,GLS
99013,2,GLS
99016,2,GLS
99017,2,GLS
99018,2,GLS
99019,2,GLS
99021,2,GLS
99022,2,GLS
99023,2,GLS
99025,2,GLS
99026,2,GLS
99027,2,GLS
99029,2,GLS
99030,2,GLS
99031,2,GLS
99032,2,GLS
99033,2,GLS
99034,2,GLS
99036,2,GLS
99037,2,GLS
99040,2,GLS
99101,2,GLS
99103,2,GLS
99104,2,GLS
99105,2,GLS
99109,2,GLS
99110,2,GLS
99111,2,GLS
99113,2,GLS
99114,2,GLS
99115,2,GLS
99116,2,GLS
99117,2,GLS
99118,2,GLS
99119,2,GLS
99121,2,GLS
99122,2,GLS
99123,2,GLS
99125,2,GLS
99126,2,GLS
99128,2,GLS
99129,2,GLS
99130,2,GLS
99131,2,GLS
99133,2,GLS
99134,2,GLS
99135,2,GLS
99136,2,GLS
99137,2,GLS
99138,2,GLS
99139,2,GLS
99140,2,GLS
99141,2,GLS
99143,2,GLS
99144,2,GLS
99147,2,GLS
99148,2,GLS
99150,2,GLS
99153,2,GLS
99154,2,GLS
99155,2,GLS
99156,2,GLS
99157,2,GLS
99158,2,GLS
99159,2,GLS
99160,2,GLS
99161,2,GLS
99163,2,GLS
99164,2,GLS
99166,2,GLS
99167,2,GLS
99169,2,GLS
99170,2,GLS
99171,2,GLS
99173,2,GLS
99176,2,GLS
99179,2,GLS
99180,2,GLS
99181,2,GLS
99185,2,GLS
99201,2,GLS
99202,2,GLS
99203,2,GLS
99204,2,GLS
99205,2,GLS
99206,2,GLS
99207,2,GLS
99208,2,GLS
99212,2,GLS
99213,2,GLS
99216,2,GLS
99217,2,GLS
99218,2,GLS
99223,2,GLS
99224,2,GLS
99251,2,GLS
99252,2,GLS
99256,2,GLS
99258,2,GLS
99260,2,GLS
99301,2,GLS
99320,2,GLS
99321,2,GLS
99322,2,GLS
99323,2,GLS
99324,2,GLS
99326,2,GLS
99328,2,GLS
99329,2,GLS
99330,2,GLS
99336,2,GLS
99337,2,GLS
99338,2,GLS
99341,2,GLS
99343,2,GLS
99344,2,GLS
99345,2,GLS
99346,2,GLS
99347,2,GLS
99348,2,GLS
99349,2,GLS
99350,2,GLS
99352,2,GLS
99353,2,GLS
99354,2,GLS
99356,2,GLS
99357,2,GLS
99360,2,GLS
99361,2,GLS
99362,2,GLS
99363,2,GLS
99371,2,GLS
99401,2,GLS
99402,2,GLS
99403,2,GLS
